{
  "overall": {
    "mean": -0.002892265096306801,
    "std": 0.11724720150232315,
    "min": -0.31088879704475403,
    "max": 0.3139207065105438
  },
  "af": {
    "mean": -0.00320889288559556,
    "std": 0.12821650505065918,
    "distance_from_overall": 0.792192816734314
  },
  "am": {
    "mean": 0.0005531731294468045,
    "std": 0.13195353746414185,
    "distance_from_overall": 0.9595264792442322
  },
  "bf": {
    "mean": 0.0021052611991763115,
    "std": 0.15046757459640503,
    "distance_from_overall": 1.3625373840332031
  },
  "bm": {
    "mean": 0.0027550463564693928,
    "std": 0.15006029605865479,
    "distance_from_overall": 1.3644123077392578
  },
  "ef": {
    "mean": -0.016084926202893257,
    "std": 0.13888520002365112,
    "distance_from_overall": 1.491916298866272
  },
  "em": {
    "mean": -0.006058352999389172,
    "std": 0.14468765258789062,
    "distance_from_overall": 1.6349884271621704
  },
  "ff": {
    "mean": -0.01833673007786274,
    "std": 0.17849530279636383,
    "distance_from_overall": 2.229374647140503
  },
  "hf": {
    "mean": -0.012105466797947884,
    "std": 0.17393513023853302,
    "distance_from_overall": 1.9473156929016113
  },
  "hm": {
    "mean": -0.007049569860100746,
    "std": 0.18027733266353607,
    "distance_from_overall": 2.2054765224456787
  },
  "if": {
    "mean": -0.009694302454590797,
    "std": 0.1871078908443451,
    "distance_from_overall": 2.294113874435425
  },
  "im": {
    "mean": 0.01411152258515358,
    "std": 0.20308807492256165,
    "distance_from_overall": 2.65018630027771
  },
  "jf": {
    "mean": -0.005736814346164465,
    "std": 0.18446406722068787,
    "distance_from_overall": 2.2550132274627686
  },
  "jm": {
    "mean": -0.0006703413091599941,
    "std": 0.17726191878318787,
    "distance_from_overall": 2.1353774070739746
  },
  "pf": {
    "mean": -0.015186082571744919,
    "std": 0.13624349236488342,
    "distance_from_overall": 1.4333921670913696
  },
  "pm": {
    "mean": -0.004854057915508747,
    "std": 0.1423168182373047,
    "distance_from_overall": 1.5801163911819458
  },
  "zf": {
    "mean": -0.001198037527501583,
    "std": 0.17177191376686096,
    "distance_from_overall": 2.038114547729492
  }
}