{
  "af_alloy": {
    "voice_name": "af_alloy",
    "num_frames": 510,
    "frame_dim": 256,
    "consecutive_similarity": {
      "mean": 0.9999780654907227,
      "std": 0.00019217882072553039,
      "min": 0.9962151050567627,
      "max": 1.000000238418579
    },
    "dimension_variance": {
      "decoder_mean": 0.0005330551648512483,
      "prosody_mean": 0.0021159453317523003,
      "decoder_std": 0.001076710526831448,
      "prosody_std": 0.0030730129219591618,
      "total_mean": 0.0013245001900941133
    },
    "pca": {
      "explained_variance_ratio": [
        0.949164092540741,
        0.04916108027100563,
        0.0010506451362743974,
        0.0005978292902000248,
        2.45398059632862e-05,
        1.4597490007872693e-06,
        1.3201804449636256e-07,
        4.087338467684276e-09,
        4.935904462932683e-10,
        2.483675487496839e-10
      ],
      "cumulative_variance": [
        0.949164092540741,
        0.9983251690864563,
        0.9993758201599121,
        0.9999736547470093,
        0.9999982118606567,
        0.9999996423721313,
        0.9999997615814209,
        0.9999997615814209,
        0.9999997615814209,
        0.9999997615814209
      ],
      "components_for_95": 2,
      "components_for_99": 2
    }
  },
  "af_aoede": {
    "voice_name": "af_aoede",
    "num_frames": 510,
    "frame_dim": 256,
    "consecutive_similarity": {
      "mean": 0.9999750852584839,
      "std": 7.469633419532329e-05,
      "min": 0.9988476037979126,
      "max": 0.9999999403953552
    },
    "dimension_variance": {
      "decoder_mean": 0.0011971087660640478,
      "prosody_mean": 0.014396668411791325,
      "decoder_std": 0.0017089733155444264,
      "prosody_std": 0.020248057320713997,
      "total_mean": 0.007796888705343008
    },
    "pca": {
      "explained_variance_ratio": [
        0.9771117568016052,
        0.022192254662513733,
        0.0006179463816806674,
        7.34533678041771e-05,
        4.473980879993178e-06,
        1.4512220047890878e-07,
        7.0342882629859105e-09,
        4.219068150401739e-10,
        4.988028740049444e-11,
        2.10127679145522e-11
      ],
      "cumulative_variance": [
        0.9771117568016052,
        0.9993039965629578,
        0.9999219179153442,
        0.9999953508377075,
        0.9999998211860657,
        0.9999999403953552,
        0.9999999403953552,
        0.9999999403953552,
        0.9999999403953552,
        0.9999999403953552
      ],
      "components_for_95": 1,
      "components_for_99": 2
    }
  },
  "af_bella": {
    "voice_name": "af_bella",
    "num_frames": 510,
    "frame_dim": 256,
    "consecutive_similarity": {
      "mean": 0.9999834299087524,
      "std": 6.767713784938678e-05,
      "min": 0.9988481402397156,
      "max": 1.000000238418579
    },
    "dimension_variance": {
      "decoder_mean": 0.0010174126364290714,
      "prosody_mean": 0.008060670457780361,
      "decoder_std": 0.0017212626989930868,
      "prosody_std": 0.011427228339016438,
      "total_mean": 0.00453904177993536
    },
    "pca": {
      "explained_variance_ratio": [
        0.994541585445404,
        0.004853588994592428,
        0.0005590505315922201,
        4.3390919017838314e-05,
        2.220933311036788e-06,
        1.4478314369625878e-07,
        1.3282344113463296e-08,
        1.1482690354114311e-09,
        3.769589501656512e-11,
        9.880408123608131e-12
      ],
      "cumulative_variance": [
        0.994541585445404,
        0.9993951916694641,
        0.9999542236328125,
        0.999997615814209,
        0.9999998211860657,
        0.9999999403953552,
        0.9999999403953552,
        0.9999999403953552,
        0.9999999403953552,
        0.9999999403953552
      ],
      "components_for_95": 1,
      "components_for_99": 1
    }
  },
  "af_heart": {
    "voice_name": "af_heart",
    "num_frames": 510,
    "frame_dim": 256,
    "consecutive_similarity": {
      "mean": 0.9999715685844421,
      "std": 0.00011863500549225137,
      "min": 0.9988638162612915,
      "max": 1.000000238418579
    },
    "dimension_variance": {
      "decoder_mean": 0.00048421372775919735,
      "prosody_mean": 0.007134357467293739,
      "decoder_std": 0.0007310993387363851,
      "prosody_std": 0.009382454678416252,
      "total_mean": 0.003809285582974553
    },
    "pca": {
      "explained_variance_ratio": [
        0.9510108828544617,
        0.046720076352357864,
        0.001724635949358344,
        0.0004918969934806228,
        4.608802919392474e-05,
        5.454483016364975e-06,
        7.595002671223483e-07,
        3.2984747377895474e-08,
        1.6265975233409335e-08,
        8.856392841316563e-10
      ],
      "cumulative_variance": [
        0.9510108828544617,
        0.9977309703826904,
        0.9994556307792664,
        0.9999475479125977,
        0.999993622303009,
        0.9999991059303284,
        0.9999998807907104,
        0.9999999403953552,
        0.9999999403953552,
        0.9999999403953552
      ],
      "components_for_95": 1,
      "components_for_99": 2
    }
  },
  "af_jessica": {
    "voice_name": "af_jessica",
    "num_frames": 510,
    "frame_dim": 256,
    "consecutive_similarity": {
      "mean": 0.9999797344207764,
      "std": 0.0001512284652562812,
      "min": 0.9970898628234863,
      "max": 1.0000001192092896
    },
    "dimension_variance": {
      "decoder_mean": 0.0006705209380015731,
      "prosody_mean": 0.004545114003121853,
      "decoder_std": 0.0011631870875135064,
      "prosody_std": 0.008312219753861427,
      "total_mean": 0.002607817528769374
    },
    "pca": {
      "explained_variance_ratio": [
        0.972373366355896,
        0.026049142703413963,
        0.0009586499072611332,
        0.0005815767217427492,
        3.6009052564622834e-05,
        1.0563653631834313e-06,
        4.359696248457112e-08,
        1.1041061398486818e-09,
        2.5163685024587323e-10,
        1.259918974705343e-10
      ],
      "cumulative_variance": [
        0.972373366355896,
        0.9984225034713745,
        0.9993811249732971,
        0.9999626874923706,
        0.9999986886978149,
        0.9999997615814209,
        0.9999998211860657,
        0.9999998211860657,
        0.9999998211860657,
        0.9999998211860657
      ],
      "components_for_95": 1,
      "components_for_99": 2
    }
  },
  "af_kore": {
    "voice_name": "af_kore",
    "num_frames": 510,
    "frame_dim": 256,
    "consecutive_similarity": {
      "mean": 0.9999656677246094,
      "std": 0.00010935552563751116,
      "min": 0.9981040954589844,
      "max": 0.9999999403953552
    },
    "dimension_variance": {
      "decoder_mean": 0.0016369449440389872,
      "prosody_mean": 0.018114686012268066,
      "decoder_std": 0.0023906833957880735,
      "prosody_std": 0.026291105896234512,
      "total_mean": 0.009875815361738205
    },
    "pca": {
      "explained_variance_ratio": [
        0.9793142676353455,
        0.0167767982929945,
        0.0034020659513771534,
        0.000479003501823172,
        2.575275721028447e-05,
        2.177116812163149e-06,
        1.382791907644787e-07,
        9.164346614909391e-09,
        6.839288579918446e-10,
        6.539864483290359e-11
      ],
      "cumulative_variance": [
        0.9793142676353455,
        0.9960910677909851,
        0.9994931221008301,
        0.9999721050262451,
        0.9999978542327881,
        1.0,
        1.0000001192092896,
        1.0000001192092896,
        1.0000001192092896,
        1.0000001192092896
      ],
      "components_for_95": 1,
      "components_for_99": 2
    }
  },
  "af_nicole": {
    "voice_name": "af_nicole",
    "num_frames": 510,
    "frame_dim": 256,
    "consecutive_similarity": {
      "mean": 0.9999818205833435,
      "std": 0.00013835166464559734,
      "min": 0.9973810911178589,
      "max": 1.000000238418579
    },
    "dimension_variance": {
      "decoder_mean": 0.00014899676898494363,
      "prosody_mean": 0.002509737852960825,