{
  "decoder_top_10": [
    21,
    106,
    70,
    116,
    82,
    48,
    15,
    8,
    127,
    77
  ],
  "decoder_variances": [
    0.031311001628637314,
    0.03190532326698303,
    0.032765112817287445,
    0.034158989787101746,
    0.03422371298074722,
    0.0370328314602375,
    0.03886321187019348,
    0.03928110748529434,
    0.04139472916722298,
    0.04389427974820137
  ],
  "prosody_top_10": [
    11,
    63,
    29,
    56,
    101,
    114,
    125,
    5,
    52,
    74
  ],
  "prosody_variances": [
    0.028322365134954453,
    0.028800999745726585,
    0.02982947789132595,
    0.03084244765341282,
    0.032790061086416245,
    0.03380288556218147,
    0.03796399384737015,
    0.04107775166630745,
    0.049896497279405594,
    0.09116552025079727
  ]
}